{
    "wenyi_fold1": {
      "BF": {
        "mean": [0.5377605557441711, 0.6143857836723328, 0.6505146622657776],
        "std": [0.2336375117301941, 0.18736831843852997, 0.15473468601703644]
      },
      "FL": {
        "mean": [0.08271462470293045, 0.056730855256319046, 0.0685049295425415, 0.1342180073261261],
        "std": [0.07032833248376846, 0.06616493314504623, 0.08481140434741974, 0.08062949776649475]
      },
      "total_images": 582046,
      "patients": ["01", "02", "03", "04", "06", "08", "10", "11", "12", "13", "14", "17", "18", "19"]

    },
    "wenyi_fold2": {
      "BF": {
        "mean": [0.5327548980712891, 0.6054081320762634, 0.6434649229049683],
        "std":  [0.23673465847969055, 0.192694753408432, 0.15941429138183594]
      },
      "FL": {
        "mean": [0.08320491760969162, 0.05838977172970772, 0.07122744619846344, 0.1372268795967102],
        "std": [0.07196225970983505, 0.06945313513278961, 0.08843164145946503, 0.0829017385840416]
      },
      "total_images": 576273,
      "patients":  ["01", "02", "04", "05", "06", "07", "09", "11", "12", "13", "14", "15", "16", "18", "19"]
    },
    "wenyi_fold3": {
      "BF": {
        "mean":  [0.5030662417411804, 0.5804425477981567, 0.6244493126869202],
        "std": [0.2330051213502884, 0.19083477556705475, 0.15786626935005188]
      },
      "FL": {
        "mean": [0.0847758799791336, 0.0575290247797966, 0.06959426403045654, 0.1337854117155075],
        "std": [0.07100515067577362, 0.07013234496116638, 0.08814513683319092, 0.07783827930688858]
      },
      "total_images": 565371,
      "patients": ["01", "03", "04", "05", "06", "07", "08", "09", "10", "11", "12", "15", "16", "17"]

    },
    "partition1": {
      "BF": {
        "mean": [0.5264220833778381, 0.611829936504364, 0.6446033716201782],
        "std": [0.2363222986459732, 0.18593406677246094, 0.15513946115970612]
      },
      "FL": {
        "mean": [0.0849057286977768, 0.052744366228580475, 0.06918712705373764, 0.15048211812973022],
        "std": [0.0722302496433258, 0.06569737941026688, 0.09055039286613464, 0.08676167577505112]
      },
      "total_images": 265131,
      "patients": ["01", "02", "04", "06", "08", "12", "19"]

    },
    "partition2": {
      "BF": {
        "mean": [0.5172331929206848, 0.5870250463485718, 0.6300056576728821],
        "std": [0.2362653762102127, 0.1984328180551529, 0.16436316072940826]
      },
      "FL": {
        "mean": [0.08219001442193985, 0.06492912769317627, 0.07336467504501343, 0.12453720718622208],
        "std": [0.07135698944330215, 0.0733029767870903, 0.0859881266951561, 0.0797223374247551]
      },
      "total_images": 256083,
      "patients": ["05", "07", "13", "15", "17", "18"]
    },
    "partition3": {
      "BF": {
        "mean": [0.5318710207939148, 0.6001956462860107, 0.6444981694221497],
        "std": [0.22879143059253693, 0.18720310926437378, 0.1524415761232376]
      },
      "FL": {
        "mean":  [0.0794982984662056, 0.05419325456023216, 0.06430183351039886, 0.12116877734661102],
        "std": [0.0669185072183609, 0.06522736698389053, 0.0810723751783371, 0.07169048488140106]
      },
      "total_images": 245351,
      "patients":  ["03", "09", "10", "11", "14", "16"]
    },
    "partition4": {
      "BF": {
        "mean": [0.5093898177146912, 0.5758433938026428, 0.6222059726715088],
        "std": [0.23611250519752502, 0.19676938652992249, 0.162201389670372]
      },
      "FL": {
        "mean": [0.0859871432185173, 0.060445308685302734, 0.06952027231454849, 0.12320565432310104],
        "std": [0.07687761634588242, 0.07668103277683258, 0.08919592946767807, 0.0751386284828186]
      },
      "total_images": 250297,
      "patients": ["01", "02", "05", "07", "09", "14", "17"]
    },
    "partition5": {
      "BF": {
        "mean": [0.5338557362556458, 0.6141836047172546, 0.6481909155845642],
        "std": [0.22940383851528168, 0.18486428260803223, 0.15350499749183655]
      },
      "FL": {
        "mean": [0.07943563163280487, 0.059536825865507126, 0.06932481378316879, 0.129268616437912],
        "std": [0.06618054211139679, 0.06336236000061035, 0.08033563196659088, 0.08113463968038559]
      },
      "total_images": 270329,
      "patients": ["04", "08", "10", "13", "18", "19"]
    },
    "partition6": {
      "BF": {
        "mean": [0.5314544439315796, 0.6084323525428772, 0.6481499671936035],
        "std":  [0.23656877875328064, 0.1903635561466217, 0.15666110813617706]
      },
      "FL": {
        "mean": [0.08159570395946503, 0.051573701202869415, 0.06817332655191422, 0.14530086517333984],
        "std": [0.06794192641973495, 0.06453610211610794, 0.0889507383108139, 0.08241169154644012]
      },
      "total_images": 245939,
      "patients": ["03", "06", "11", "12", "15", "16"]
    },
    "partition1_2": {
      "BF": {
        "mean": [0.5219066739082336, 0.5996429324150085, 0.6374315619468689],
        "std": [0.2362939864397049, 0.19207504391670227, 0.15967118740081787]
      },
      "FL": {
        "mean": [0.08357160538434982, 0.058730918914079666, 0.07123983651399612, 0.13773474097251892],
        "std": [0.07180134952068329, 0.06943424791097641, 0.08830888569355011, 0.08330307900905609]
      },
      "total_images": 521214,
      "patients": ["01", "02", "04", "05", "06", "07", "08", "12", "13", "15", "17", "18", "19"]
    },
    "partition1_3": {
      "BF": {
        "mean": [0.5290414690971375, 0.6062385439872742, 0.6445541977882385],
        "std": [0.23270295560359955, 0.186544269323349, 0.15384262800216675]
      },
      "FL": {
        "mean": [0.08230672776699066, 0.05344085022807121, 0.06683939695358276, 0.13639265298843384],
        "std": [0.06967733055353165, 0.06547149270772934, 0.08599494397640228, 0.07951810956001282]
      },
      "total_images": 510482,
      "patients": ["01", "02", "03", "04", "06", "08", "09", "10", "11", "12", "14", "16", "19"]
    },
    "partition2_3": {
      "BF": {
        "mean": [0.5243970155715942, 0.5934702157974243, 0.6370977759361267],
        "std": [0.2326086163520813, 0.19293825328350067, 0.1585303246974945]
      },
      "FL": {
        "mean": [0.08087289333343506, 0.059676047414541245, 0.06893034279346466, 0.12288881093263626],
        "std": [0.06918511539697647, 0.0693516805768013, 0.08358274400234222, 0.07579273730516434]
      },
      "total_images": 501434,
      "patients": ["03", "05", "07", "09", "10", "11", "13", "14", "15", "16", "17", "18"]
    },
    "partition4_5": {
      "BF": {
        "mean": [0.5220937728881836, 0.5957527756690979, 0.6356993317604065],
        "std": [0.23262904584407806, 0.1905878633260727, 0.1576862335205078]
      },
      "FL": {
        "mean": [0.08258511871099472, 0.05997345596551895, 0.06941879540681839, 0.12635399401187897],
        "std": [0.0713232010602951, 0.06976553797721863, 0.08459525555372238, 0.07825186848640442]
      },
      "total_images": 520626,
      "patients": ["01", "02", "04", "05", "07", "08", "09", "10", "13", "14", "17", "18", "19"]
    },
    "partition5_6": {
      "BF": {
        "mean": [0.5327118039131165, 0.6114441752433777, 0.6481710076332092],
        "std": [0.23281694948673248, 0.1874837428331375, 0.15500840544700623]
      },
      "FL": {
        "mean": [0.08046461641788483, 0.05574338138103485, 0.0687761977314949, 0.13690637052059174],
        "std": [0.06701958924531937, 0.06392171233892441, 0.08443962037563324, 0.08174285292625427]
      },
      "total_images": 516268,
      "patients": ["03", "04", "06", "08", "10", "11", "12", "13", "15", "16", "18", "19"]
    },
    "partition4_6": {
      "BF": {
        "mean": [0.5203254818916321, 0.5919955968856812, 0.6350640654563904],
        "std": [0.23633825778961182, 0.1935945302248001, 0.15945611894130707]
      },
      "FL": {
        "mean": [0.08381052315235138, 0.0560484454035759, 0.06885267794132233, 0.13415636122226715],